Fecha;Desempleo
1/05/2001;9.240753676
1/06/2001;9.489724101
1/07/2001;9.196062641
1/08/2001;9.491484476
1/09/2001;9.54805084
1/10/2001;9.716332453
1/11/2001;9.451203428
1/12/2001;8.861439417
1/01/2002;9.324256399
1/02/2002;9.970213939
1/03/2002;10.62234778
1/04/2002;10.67808258
1/05/2002;10.19339817
1/06/2002;9.878621818
1/07/2002;8.947828425
1/08/2002;8.716378449
1/09/2002;8.518363684
1/10/2002;8.491661332
1/11/2002;8.464217478
1/12/2002;8.653707454
1/01/2003;9.262437019
1/02/2003;9.478570563
1/03/2003;10.02640231
1/04/2003;9.866779253
1/05/2003;9.7882463
1/06/2003;9.272886428
1/07/2003;8.872993925
1/08/2003;9.263716902
1/09/2003;8.965872595
1/10/2003;9.246260569
1/11/2003;8.889787988
1/12/2003;9.398781162
1/01/2004;10.10035377
1/02/2004;10.4876646
1/03/2004;10.63772797
1/04/2004;10.49505817
1/05/2004;9.999498461
1/06/2004;9.457960653
1/07/2004;8.592791015
1/08/2004;8.71341908
1/09/2004;8.890162594
1/10/2004;9.260722439
1/11/2004;8.861363505
1/12/2004;8.739873994
1/01/2005;10.00643965
1/02/2005;10.7701171
1/03/2005;11.3147109
1/04/2005;10.2136733
1/05/2005;10.10738793
1/06/2005;9.663028289
1/07/2005;9.290345128
1/08/2005;9.207268874
1/09/2005;9.287627341
1/10/2005;9.07588964
1/11/2005;8.607813198
1/12/2005;8.033392709
1/01/2006;8.871612157
1/02/2006;8.969436984
1/03/2006;9.014045801
1/04/2006;8.705338192
1/05/2006;8.844699457
1/06/2006;8.940997101
1/07/2006;8.515727751
1/08/2006;8.436489005
1/09/2006;8.485630216
1/10/2006;8.120027548
1/11/2006;7.942840296
1/12/2006;7.442748829
1/01/2007;8.964815882
1/02/2007;9.487040445
1/03/2007;9.753324651
1/04/2007;9.020351823
1/05/2007;8.533196606
1/06/2007;8.289942656
1/07/2007;7.93334589
1/08/2007;7.916739528
1/09/2007;8.160743026
1/10/2007;7.928011202
1/11/2007;7.925737899
1/12/2007;7.452222799
1/01/2008;8.098705432
1/02/2008;8.962125275
1/03/2008;9.294603271
1/04/2008;8.996134335
1/05/2008;8.102657563
1/06/2008;7.899959416
1/07/2008;8.115366941
1/08/2008;8.378631333
1/09/2008;8.521838005
1/10/2008;7.905913628
1/11/2008;7.662092923
1/12/2008;7.779519577
1/01/2009;8.812859116
1/02/2009;9.306249367
1/03/2009;9.313128593
1/04/2009;8.768532548
1/05/2009;8.459656671
1/06/2009;8.497646327
1/07/2009;8.199472012
1/08/2009;8.304537091
1/09/2009;7.830742582
1/10/2009;7.6331796
1/11/2009;7.221305161
1/12/2009;7.911875336
1/01/2010;8.605435682
1/02/2010;9.587381176
1/03/2010;9.177460191
1/04/2010;9.004469556
1/05/2010;7.735535783
1/06/2010;7.589871566
1/07/2010;7.043864951
1/08/2010;7.401541096
1/09/2010;7.639836289
1/10/2010;7.860012688
1/11/2010;7.590717031
1/12/2010;7.156960574
1/01/2011;7.682965804
1/02/2011;9.120691094
1/03/2011;9.386296503
1/04/2011;8.807660626
1/05/2011;7.351921501
1/06/2011;7.301439063
1/07/2011;6.966771584
1/08/2011;7.016655057
1/09/2011;7.305544517
1/10/2011;7.318504853
1/11/2011;7.045535658
1/12/2011;6.985347605
1/01/2012;7.755398671
1/02/2012;8.314935936
1/03/2012;8.660130719
1/04/2012;8.055111738
1/05/2012;7.219345851
1/06/2012;6.285822259
1/07/2012;6.20804323
1/08/2012;6.661244239
1/09/2012;6.602307804
1/10/2012;6.222500261
1/11/2012;5.91418951
1/12/2012;5.637761428
1/01/2013;6.130196664
1/02/2013;6.402394962
1/03/2013;6.391379452
1/04/2013;5.613152567
1/05/2013;5.670187842
1/06/2013;5.777933191
1/07/2013;6.03026348
1/08/2013;5.561135595
1/09/2013;5.941463614
1/10/2013;5.768170963
1/11/2013;5.766691719
1/12/2013;5.682807785
1/01/2014;6.369063385
1/02/2014;6.975484492
1/03/2014;6.948005127
1/04/2014;6.280047472
1/05/2014;5.799734613
1/06/2014;5.672629258
1/07/2014;5.735264124
1/08/2014;5.898101574
1/09/2014;5.607209269
1/10/2014;5.693179518
1/11/2014;5.423093963
1/12/2014;5.556896344
1/01/2015;6.353407002
1/02/2015;6.890999839
1/03/2015;7.025718971
1/04/2015;6.808629868
1/05/2015;6.976650806
1/06/2015;6.82215392
1/07/2015;6.437983099
1/08/2015;6.143659711
1/09/2015;6.438506955
1/10/2015;5.831083227
1/11/2015;5.761486632
1/12/2015;5.689003739
1/01/2016;6.589756692
1/02/2016;6.901003462
1/03/2016;7.221940665
1/04/2016;6.979759279
1/05/2016;7.108440786
1/06/2016;6.977883127
1/07/2016;7.100882451
1/08/2016;6.810755482
1/09/2016;6.50809317
1/10/2016;6.198282286
1/11/2016;5.836454432
1/12/2016;6.244589369
1/01/2017;7.195267181
1/02/2017;7.738095238
1/03/2017;7.733986348
1/04/2017;6.819540607
1/05/2017;6.603627044
1/06/2017;6.924891708
1/07/2017;7.062516852
1/08/2017;6.676823462
1/09/2017;6.427929564
1/10/2017;6.199341561
1/11/2017;6.560536561
1/12/2017;6.454948656
1/01/2018;7.300441235
1/02/2018;8.027418126
1/03/2018;8.061365203
1/04/2018;7.324524555
1/05/2018;6.636802338
1/06/2018;6.223105571
1/07/2018;6.168389163
1/08/2018;6.084898458
1/09/2018;6.181887585
1/10/2018;6.425933368
1/11/2018;6.247634189
1/12/2018;6.127063079
1/01/2019;6.476251848
1/02/2019;7.559058116
1/03/2019;8.15790975
1/04/2019;7.331316936
1/05/2019;6.709853
1/06/2019;6.307874799
1/07/2019;6.003791869
1/08/2019;5.827430164
1/09/2019;5.749808722
1/10/2019;6.417700862
1/11/2019;6.326341823
1/12/2019;6.102196341
1/01/2020;6.338434078
1/02/2020;7.068077431
1/03/2020;7.766284917
1/04/2020;8.982468373
1/05/2020;13.12408411
1/06/2020;16.28004419
1/07/2020;16.37321937
1/08/2020;15.56662224
1/09/2020;16.53162979
1/10/2020;16.43002028
1/11/2020;15.12614848
1/12/2020;13.84064072
1/01/2021;13.01201238
1/02/2021;14.49064994
1/03/2021;15.27937062
1/04/2021;15.11304923
1/05/2021;12.02886867
1/06/2021;10.32372803
1/07/2021;9.391661254
1/08/2021;9.537686766
1/09/2021;9.972282053
1/10/2021;9.597027917
1/11/2021;9.092806351
1/12/2021;7.833335632
1/01/2022;8.618457439
1/02/2022;8.899918013
1/03/2022;9.411709532
1/04/2022;8.263860833
1/05/2022;7.211400842
1/06/2022;6.778639838
1/07/2022;6.830924518
1/08/2022;7.322450295
1/09/2022;7.673362131
1/10/2022;7.165581659
1/11/2022;7.619698601
1/12/2022;7.112543424
1/01/2023;8.010582343
1/02/2023;7.329430038
1/03/2023;7.484158178
1/04/2023;7.072392938
1/05/2023;6.778779245
1/06/2023;6.55152177
1/07/2023;6.264337537
1/08/2023;6.637680466
1/09/2023;6.731352636
1/10/2023;6.554115494
1/11/2023;6.562968696
1/12/2023;6.38618441
1/01/2024;7.2
1/02/2024;7.294363891
1/03/2024;7.705906019
1/04/2024;7.687668285
1/05/2024;7.21516917
1/06/2024;6.635254924
1/07/2024;5.95984109
1/08/2024;6.065840034
1/09/2024;5.934038682
1/10/2024;5.747447266
1/11/2024;5.667910327
1/12/2024;5.527225884
1/01/2025;6.153996767
1/02/2025;6.296674218
1/03/2025;6.555158192
1/04/2025;5.910993262
1/05/2025;5.588404102
1/06/2025;6.372253181
1/07/2025;6.0585713
1/08/2025;5.987303174
1/09/2025;5.749575159
1/10/2025;5.936935316
1/11/2025;5.925679179
1/12/2025;4.98799671
1/01/2026;6.334894185
1/02/2026;6.369943053
1/03/2026;6.843205803
